<beans xmlns="http://www.springframework.org/schema/beans"
	xmlns:xsi="http://www.w3.org/2001/XMLSchema-instance" xmlns:mvc="http://www.springframework.org/schema/mvc"
	xmlns:context="http://www.springframework.org/schema/context"
	xmlns:aop="http://www.springframework.org/schema/aop" xmlns:tx="http://www.springframework.org/schema/tx"
	xsi:schemaLocation="http://www.springframework.org/schema/beans 
		http://www.springframework.org/schema/beans/spring-beans-3.2.xsd 
		http://www.springframework.org/schema/mvc 
		http://www.springframework.org/schema/mvc/spring-mvc-3.2.xsd 
		http://www.springframework.org/schema/context 
		http://www.springframework.org/schema/context/spring-context-3.2.xsd 
		http://www.springframework.org/schema/aop 
		http://www.springframework.org/schema/aop/spring-aop-3.2.xsd 
		http://www.springframework.org/schema/tx 
		http://www.springframework.org/schema/tx/spring-tx-3.2.xsd ">

	<!-- 可以扫描controller、service、...
	这里让扫描controller，指定controller的包
	 -->
	<context:component-scan base-package="com.controller"></context:component-scan>
	
	<!-- 静态资源解析
	包括 ：js、css、img、..
	 -->
	 <mvc:resources location="/js/" mapping="/js/**"/>
	 <mvc:resources location="/img/" mapping="/img/**"/>
		
	<!--注解映射器 -->
	<!-- <bean class="org.springframework.web.servlet.mvc.method.annotation.RequestMappingHandlerMapping"/> -->
	<!--注解适配器 -->
	<!-- <bean class="org.springframework.web.servlet.mvc.method.annotation.RequestMappingHandlerAdapter"/> -->
	
	<!-- 使用 mvc:annotation-driven代替上边注解映射器和注解适配器配置
	mvc:annotation-driven默认加载很多的参数绑定方法，
	比如json转换解析器就默认加载了，如果使用mvc:annotation-driven不用配置上边的RequestMappingHandlerMapping和RequestMappingHandlerAdapter
	实际开发时使用mvc:annotation-driven
	 -->
<!-- 	<mvc:annotation-driven conversion-service="conversionService"
	validator="validator"></mvc:annotation-driven> -->
	
	<mvc:annotation-driven></mvc:annotation-driven>

	<!-- 视图解析器
	解析jsp解析，默认使用jstl标签，classpath下的得有jstl的包
	 -->
 <!-- 设置freeMarker的配置文件路径 -->
<!--     <bean id="freemarkerConfiguration"
          class="org.springframework.beans.factory.config.PropertiesFactoryBean">
        注释掉的下方代码是指引freemarker的基本信息的配置位置，因为我已经将配置信息移到了applicationContext文件下，所以这里就没必要存在了，不注释也不会有问题的
        <property name="location" value="classpath:/WEB-INF/config/freemarker.properties" />
    </bean> -->
    <bean id="freemarkerConfig"
          class="org.springframework.web.servlet.view.freemarker.FreeMarkerConfigurer">
        <property name="templateLoaderPath" value="/" />
        <property name="freemarkerSettings">
            <props>
               <!--  <prop key="template_update_delay">0</prop> -->
                <prop key="default_encoding">UTF-8</prop>
               <!--  <prop key="number_format">0.##########</prop>
                <prop key="datetime_format">yyyy-MM-dd HH:mm:ss</prop>
                <prop key="classic_compatible">true</prop> -->
<!--                 <prop key="template_exception_handler">ignore</prop> -->
            </props>
        </property>
        
    </bean>
    <bean id="viewResolver" class="org.springframework.web.servlet.view.freemarker.FreeMarkerViewResolver">
        <property name="exposeRequestAttributes" value="true" />
        <property name="exposeSessionAttributes" value="true" />
        <property name="viewClass">
            <value>org.springframework.web.servlet.view.freemarker.FreeMarkerView</value>
        </property>
        <property name="cache"><value>true</value></property>
        <!--这里需要注意一下，我注释了下面这样一行代码，这行代码的意思就是指引freemarker需要解析的文件的位置。注释掉原因是因为
         applicationContext.xml里有这样一行代码：<property name="templateLoaderPath" value="/WEB-INF/views/" /> 已经指定了视图位置。如果我们这里依然保留下方代码，页面回报406的找不到的错误 -->
        <!--<property name="prefix"><value>/WEB-INF/views/</value></property>-->
        <property name="suffix"><value>.html</value></property>
        <property name="contentType">
            <value>text/html; charset=UTF-8</value>
        </property>
         <property name="order" value="2"></property>
    </bean> 
    
   	<bean
		class="org.springframework.web.servlet.view.InternalResourceViewResolver">
		<!-- 配置jsp路径的前缀 -->
		<property name="prefix" value="/"/>
		<!-- 配置jsp路径的后缀 -->
		<property name="suffix" value=".jsp"/>
		<property name="order" value="20"></property>
		
	</bean>
    
</beans>






